WardName,model_1,model_2,model_3,model_4,model_5,model_6,model_7,model_8,model_9,model_10,model_11
Adahe,0.4060496923546351,0.8036543702121794,0.6856702579647125,0.4476419892903802,0.32965787704291316,0.7272625549004574,0.5524486839523982,0.47379260912075355,0.7388623943591165,0.501520807077917,0.5666561236275462
Adono,0.5192140028963339,0.22231795702181412,0.3999464982548284,0.6414554831213349,0.8190840243543492,0.5221879784798295,0.4609958143464943,0.5794148418351704,0.3814841445854906,0.6609091619851712,0.5207009906880816
Agwata,0.35267278765127447,0.5253774330675329,0.5635391898888168,0.26180764976692134,0.2999694065882052,0.47267405200446366,0.3799526234952429,0.40539379470943215,0.5205302249869378,0.3448170361198634,0.4126734198278691
Akari,0.25770495735161153,0.3475284969350436,0.4162225405799649,0.48425157516826783,0.5529456188131892,0.6427691583966212,0.3631616764849743,0.4089577055815885,0.4688400653038765,0.559988784126026,0.4502370578741164
Allawa,0.3135670836680916,0.431901669410987,0.46528360610450437,0.6834785140095909,0.7168604507031082,0.8351950364460037,0.47631575569622314,0.4985703801585681,0.577460103987165,0.7451780003862343,0.5743810600570476
Anaba/Ibelu West,0.4315448472452019,0.516798466642333,0.6254263200021717,0.33560958633355686,0.44423743969339563,0.5294910590905267,0.4279843000736973,0.5004028689802564,0.5572386152450105,0.4364460283724931,0.48051795316786433
Arewa,0.5644730579832331,0.3648962550916611,0.5644954320087512,0.28015609052665674,0.47975526744374686,0.2801784645521748,0.40317513453385034,0.536241252478577,0.4031900505508624,0.3466966075075262,0.422325761267704
Arewa/Yamma,0.39056929588298184,0.16043903043543303,0.47260882306328467,0.2752392910228553,0.5874090836507069,0.3572788182031581,0.27541587244709004,0.4835290675323245,0.3301088905672919,0.40664239762557347,0.37392405704306997
Auna,0.5657171433072108,0.6329627864072127,0.6931883848329771,0.38455207816777015,0.44477767659353457,0.5120233196935365,0.527744002627398,0.5678944015779075,0.6127248303112421,0.44711769148494707,0.5388702315003737
Babana,0.29559493519700997,0.4752923954370939,0.5365710049274941,0.5792681701735563,0.6405467796639563,0.8202442399040404,0.4500518336025534,0.4909042399294868,0.6107025467562094,0.680019729913851,0.5579195875505252
Babanrami,0.5524777797124301,0.5503127604488013,0.6031170556074288,0.49653472705667984,0.5493390222153074,0.5471740029516787,0.5331084224059705,0.5683112858450555,0.5668679396693029,0.5310159174078887,0.5498258913320544
Badegi,0.3472538497560194,0.2666592777317245,0.48723270430181553,0.28103124768437193,0.5016046742544631,0.4210101022301681,0.2983147917240386,0.445363742770766,0.3916340280879027,0.4012153413896677,0.38413197599309373
Bagama A,0.4288538403181163,0.019688658569714627,0.29319717422272495,0.4172572566069702,0.6907657722599805,0.2816005905115789,0.28859991849826705,0.4709389289336072,0.19816214110133948,0.46320787312617656,0.3552272154148476
Bagama b,0.4329800309571329,0.013727697402231849,0.2907233111930169,0.42734440841346955,0.7043400222042546,0.2850876886493536,0.29135071225761144,0.4760144547848015,0.1965128990815341,0.4722573730890259,0.3590338598032432
Bakeko,0.42790938360325315,0.5086016173246438,0.5925393713873603,0.32667649336190896,0.4106142474246255,0.49130648114601627,0.421062498096602,0.4770210008050797,0.5308158232860068,0.4095324073108502,0.4596079323746347
Bangajiya,0.4145419429542584,0.42897742662988886,0.46815665453049715,0.45981477898783607,0.49899400688844436,0.5134294905640748,0.4344447161906611,0.46056420145773336,0.470187857241487,0.49074609214678516,0.46398571675916667
Bangi,0.5156649103029629,0.6214134735506174,0.6171732235254264,0.5169576383825633,0.5127173883573722,0.6184659516050268,0.5513453407453812,0.5485185073952539,0.6190175495603568,0.5493803261149873,0.5670654309539949
Bariki,0.35657773918024394,0.09825255877060983,0.47037092015007687,0.26180233718597706,0.6339206985654441,0.37559551815581,0.2388775450456103,0.4869564526319216,0.31473966569216555,0.4237728513024104,0.366086628668027
Baro,0.40083121802885713,0.5526879634207578,0.5489282959327886,0.5798013679929592,0.57604170050499,0.7278984458968908,0.5111068498141914,0.508600404822212,0.6098382350834791,0.6279138381316134,0.564364831962874
Barwa,0.43828409784827604,0.289089805745666,0.6102104801688558,0.21753455354820617,0.538655227971396,0.38946093586878594,0.3149694857140494,0.5290499353295093,0.42958707392776924,0.38188357246279603,0.413872516858531
Bassa/Kukoki,0.3420573611528694,0.4576743366062669,0.4426770157411688,0.6614145900055075,0.6464172691404095,0.762034244593807,0.48704876258821467,0.47705054867814917,0.5541285323137476,0.6899553679132412,0.5520458028733382
Batagi,0.44586439139275413,0.38928973281199275,0.5610675751518457,0.36002720937637517,0.531805051716228,0.47523039313546667,0.39839377786037405,0.5129123394202759,0.475195900366435,0.45568755140935663,0.46054739226411046
Batako,0.39534838090128444,0.48996437089551664,0.51983044435754,0.48858972014566165,0.518455793607685,0.6130717836019173,0.45796749064748754,0.4778782062888365,0.5409555329516579,0.5400390991184213,0.5042100822516008
Batati,0.3661365696629672,0.2102341841075584,0.45823580088926985,0.5276432565601443,0.7756448733418557,0.619742487786447,0.3680046701102233,0.5333390812980309,0.42940415759442513,0.641010205896149,0.4929395287247071
Beji,0.3975653307263004,0.41856019892525176,0.508129659402457,0.35691246027362533,0.4464819207508306,0.46747678894978195,0.3910126633083925,0.4507256369598627,0.46472221575916356,0.42362372332474596,0.4325210598380412
Beni,0.512775501902611,0.28637299649257264,0.41207576397266915,0.7075292799504935,0.8332320474305901,0.6068295420205516,0.5022259261152257,0.5860277711019567,0.4350927674952645,0.7158636231338784,0.5598025219615813
Beri,0.5567963419592461,0.5327450408665133,0.5992021805053547,0.557576944202413,0.6240340838412544,0.5999827827485216,0.5490394423427242,0.5933442021019517,0.5773100013734632,0.5938646035973963,0.5783895623538838
Birnin Maza,0.4400148307511716,0.3004226097778896,0.4417983901922807,0.5088223994506348,0.6501981798650259,0.5106059588917439,0.4164199466598986,0.5106704669361594,0.4176089862873047,0.5565421794024682,0.47531039482145776
Bisanti,0.36501369257048266,0.4929663197629456,0.5239389682047859,0.45345388527847436,0.4844265337203147,0.6123791609127776,0.4371446325373009,0.45779306483186105,0.543094816293503,0.5167531933038555,0.48869642674163016
Bobi,0.5159603711170123,0.5805959406925609,0.5611508930479662,0.5639766807263169,0.544531633081722,0.6091672026572708,0.5535109975119634,0.5405476324155668,0.5836380121325992,0.5725585054884366,0.5625637868871416
Bokani,0.35929617002368386,0.44486354859182153,0.4125911085838315,0.6631389314086602,0.6308664914006701,0.7164338699688078,0.4890995500080552,0.46758459000272845,0.5246295090481535,0.670146430926046,0.5378650199962458
Boku,0.44913738702755257,0.37350904940485746,0.5477232583589718,0.39417516823257964,0.568389377186694,0.4927610395639989,0.4056072015549965,0.5217500075244061,0.4713311157759428,0.4851085283277576,0.4709492132957757
Bono,0.4521962454936945,0.23479299809950804,0.36397801930824103,0.6257652837236568,0.7549503049323898,0.5375470575382033,0.43758484243895307,0.5237081899114417,0.37877269164865074,0.63942088206475,0.4948716515159489
Bosso 1,0.30371837174664995,0.12693306830300158,0.3500861594035061,0.18484049076125464,0.40799358186175916,0.23120827841811079,0.20516397693696872,0.35393270433730506,0.23607583537487284,0.27468078368037485,0.26746332508238035
Bosso 2 Central,0.3319352179482818,0.14827182968380742,0.34974814901716766,0.30909044546674336,0.5105667648001035,0.32690337653562923,0.2630991643662775,0.39741671058851774,0.27497445174553475,0.38218686226749204,0.3294192972419555
Boyi,0.5071140787487596,0.09193498184060579,0.40018900947996583,0.4788443297502063,0.7870983573895662,0.3719192604814125,0.3592977967798572,0.5648004818727639,0.288014417267328,0.5459539825403951,0.439516669615086
Bunsuru,0.3001162454744226,0.7053943367935529,0.6146589015958246,0.43051523688874765,0.33977980169101935,0.7450578930101496,0.47867527305224106,0.4181849829204222,0.6883703771331757,0.5051176438633055,0.5225870692422862
Bussa,0.5350228276751939,0.2907038464038811,0.5973685147942377,0.3317346538481954,0.638399322238552,0.39408034096723915,0.3858204426424235,0.5902635549026612,0.42738423405511927,0.4547381056846622,0.46455158432121657
Central,0.24236025513370965,0.005213321585093193,0.2753768392143198,0.2442706627705211,0.5144341803997478,0.27728724685113126,0.16394807982977463,0.3440570915825924,0.18595913588351476,0.34533069667380006,0.25982375099242044
Chachanga,0.3171005975163431,0.16594513714492648,0.4376500356740624,0.2451639282276662,0.5168688267568021,0.36571336638538543,0.2427365542963119,0.4238731533157359,0.3231028464014581,0.37591537378995127,0.3414069819508643
Chenian,0.3532128134291621,0.10181589008581397,0.3801169902189767,0.2628308034350275,0.5411319035681903,0.2897349802248421,0.23928650231666784,0.4248205690721097,0.2572226201765443,0.36456589574268666,0.3214738968270021
Chimbi,0.4527068943846103,0.23713894109545744,0.3788547977638302,0.6381597354458958,0.7798755921142686,0.5643076388251157,0.44266852364198783,0.537145761420903,0.39343379256146777,0.6607809887950933,0.508507266604863
Cikin Gari,0.41447439394678465,0.48908506858221934,0.4816607151515927,0.5457382043160044,0.5383138508853776,0.6129245255208124,0.48309922228166946,0.4781496533279183,0.5278901030848747,0.5656588602407315,0.5136994597337985
Dabban,0.4014742834209064,0.34241680198918134,0.46848687479626827,0.6783687717728341,0.804438844579921,0.7453813631481959,0.474086619060974,0.5581333342656986,0.5187616799778819,0.7427296598336502,0.5734278232845512
Dandaudu,0.396663715586519,0.22793982033616428,0.39098881010012076,0.5296478831219925,0.692696872885949,0.5239729776355944,0.3847504730148919,0.4934497995241962,0.3809672026906264,0.5821059112145119,0.46031834661105664
Dangunu,0.5217401447157736,0.3920580180550947,0.525529521975,0.5983725848502883,0.7318440887701936,0.6021619621095147,0.5040569158737188,0.5930379184869891,0.5065831673798699,0.6441262119099989,0.5619510534126442
Danragi,0.4689516242515421,0.7022591493516255,0.6695548913335998,0.25985329302697907,0.22714903500895334,0.4604565601090368,0.4770213555433822,0.45521851686469833,0.6107568669314206,0.31581962938165636,0.4647040921802894
Dassun,0.38623676051436645,0.41947107001845013,0.4544763620691016,0.7184380176243544,0.753443309675006,0.7866776191790896,0.5080486160523904,0.5313854774194913,0.553541683755547,0.7528529821594834,0.586457189846728
Daza,0.47784698043695784,0.28244559734676733,0.37782087978943124,0.6677827850739372,0.7631580675166011,0.5677566844264106,0.4760251209525541,0.5396086425809967,0.40934105385420305,0.666232512338983,0.5228018324316842
Diko,0.5432704996557705,0.05839012679493277,0.3376131955587363,0.5092259623260299,0.7884490310898334,0.3035686582289958,0.3702955295922444,0.5564442421014467,0.23319066019422163,0.5337478838816198,0.42341957894238313
Dogon Kurumi,0.621197900704036,0.16183517993034569,0.5114487157220534,0.49610801850096997,0.8457215542926777,0.3863588335189874,0.4263803663784506,0.6594560569062557,0.35321424305712884,0.5760628021042117,0.5037783671115117
Doko,0.43429961791508404,0.2638845317636719,0.49613869564991886,0.36239854941762534,0.5946527133038724,0.42423762715246016,0.35352756636546045,0.5083636756229585,0.39475361818868365,0.4604296299579859,0.4292686225337721
Dokoza,0.3265044357770039,0.06316740091331723,0.4236079443098527,0.27242413956617884,0.6328646829627143,0.36952764809902766,0.22069865875216665,0.4609923543498569,0.2854343311073992,0.4249388235426403,0.3480160419380158
Dugge,0.32261053514335136,0.6108734964891802,0.5841544677720313,0.35248810669697617,0.32576907797982724,0.6140320393256561,0.42865737944316923,0.41084469363173665,0.6030200011956225,0.4307630746674865,0.4683212872345037
Dukku,0.28102283580033477,0.7077964218453937,0.5872960424297305,0.4274130426838993,0.30691266326823613,0.7336862493132951,0.47207743344320924,0.3917438471661005,0.6762595711961398,0.48933731842181016,0.5073545425568149
Duma/Zabo,0.38328528580385324,0.3926497882030522,0.4730677811370262,0.5851103402426231,0.6655283331765971,0.674892835575796,0.4536818047498428,0.5072938000391588,0.5135368016386248,0.6418438363316721,0.5290890606898246
Dzwafu,0.35559555320717084,0.41186606763255934,0.5107820819292015,0.3510600616562125,0.4499760759528546,0.506246590378243,0.3728405608319809,0.43878457036307567,0.4762982466466679,0.43576090932910344,0.430921071792707
Ebbo,0.3270411567802191,0.38622677809108164,0.4587361110895485,0.5618210554373928,0.6343303884358598,0.6935160097467222,0.42502966343623116,0.4733692187685425,0.5128262996424507,0.6298891512066582,0.5102785832634706
Edo Kota,0.40974573796504044,0.39076481297835197,0.47334094837431295,0.47981005161278834,0.5623861870087493,0.5434052620220609,0.42677353418539354,0.48182429111603425,0.4691703411249086,0.5285338335478662,0.47657549999355064
Edotsu,0.45097906263030463,0.6558980867264745,0.6672160978401014,0.4579109960608819,0.46922900717450877,0.6741480312706787,0.5215960484725537,0.5291413892149716,0.6657540719457515,0.5337626781686898,0.5625635469504917
Edozigi,0.47160898370359167,0.3576539838325543,0.5176009520711837,0.4413010783029876,0.601248046541617,0.4872930466705797,0.4235213486130445,0.5301526607721309,0.4541826608581059,0.5099473905050614,0.47945101518708566
Egbako,0.3881251255905659,0.42387538254906987,0.4569091190088781,0.6613704955866905,0.6944042320464987,0.7301544890050027,0.4911236679087754,0.5131461588819809,0.5369796635209836,0.6953097388793973,0.5591398072977842
Egwa/Gwada,0.41225173662761266,0.2667448592500967,0.4299403328062081,0.455438892983459,0.6186343665395704,0.47312748916205444,0.37814516295372275,0.4869421453244637,0.38993756040611977,0.5157335828950279,0.44268961289483355
Ekobadeggi,0.33545292578460784,0.40459033099469177,0.4730845084811139,0.45827515423101883,0.526769331717441,0.5959067369275248,0.3994394703367728,0.4451022553277209,0.4911938588011102,0.5269837409586615,0.4656798313560664
Ekossa,0.37292706971104334,0.2804311630551841,0.5076931002474854,0.21222270373004157,0.43948464092234285,0.34698873426648363,0.28852697883208966,0.4400349369602905,0.3783709991897177,0.33289869297295605,0.3599579019887635
Ekowugi,0.20359547181464,0.0646174082256249,0.3238093269176216,0.21414820724361827,0.473340125935615,0.3343620623465999,0.16078702909462772,0.3335816415559589,0.24092959916328213,0.34061679850861104,0.26897876708061996
Ekowuna,0.24616856804216156,0.1269947722048682,0.38073854622457814,0.23395247499534005,0.48769624901504993,0.3685224531777566,0.20237193841412326,0.3715344544272632,0.29208525720240097,0.36339039239604887,0.30734551060995907
Enagi,0.40920370042425547,0.3180564379866361,0.485574891590833,0.5438017251186136,0.7113201787228105,0.6201729162851911,0.42368728784316834,0.5353662569126331,0.47460141528755334,0.6250982733755385,0.5146883083547232
Erena,0.3736003670377306,0.5371806452509097,0.42593359037520706,0.6650566029932231,0.5538095481175205,0.7173898263306996,0.5252792050939544,0.45111450184348606,0.5601680206522721,0.6454186591471477,0.5454950966842151
Essa,0.338552566888032,0.38467255888796414,0.5072906814744008,0.3364510079409797,0.4590691305274163,0.5051891225273485,0.3532253779056586,0.43497079296328306,0.4657174542965712,0.43356975366524814,0.4218708447076902
Etsu-Audu,0.3680115697666856,0.2889791462588699,0.4904400994126151,0.35110596681419043,0.5525669199679356,0.4735344964601199,0.33603222761324864,0.4703395297157454,0.4176512473772016,0.4590691277474153,0.42077303311340275
Etsugaie,0.41827992724516727,0.4822736704363588,0.560077246985589,0.3773567472549626,0.4551603238041927,0.5191540669953844,0.4259701149788296,0.47783916601164966,0.520501661472444,0.45055704601817986,0.4687169971202758
Etsutasha,0.4439083650304875,0.3534154944342992,0.4785520819963177,0.6175292540669675,0.742665841628986,0.6521729710327976,0.4716177045105847,0.555042096218597,0.4947135158211382,0.6707893555762503,0.5480406680316425
Fazhi,0.3963225248293745,0.29962525282248553,0.5290921536602652,0.5667852374027597,0.7962521382405393,0.6995548662336503,0.42091100501820655,0.5738889389100597,0.5094240909054669,0.6875307472923163,0.5479386955315124
Fogbe/Kusoyaba,0.3829122069850368,0.3582810728812759,0.5186078786775364,0.44725828966550957,0.6075850954617701,0.5829539613580093,0.3961505231772741,0.5030350603747812,0.4866143043056072,0.5459324488284296,0.48293308417152303
Fuka,0.43194089252013984,0.3325533311869807,0.3754050520180993,0.7071644992139292,0.7500162200450479,0.6506286587118888,0.4905529076403499,0.5191207215277623,0.4528623473056563,0.7026031259902886,0.5412847756160143
Gaba,0.3763223716278374,0.3153755972048995,0.5034641890096507,0.41776397302246526,0.6058525648272164,0.5449057904042786,0.36982064728506736,0.4952130418215681,0.4545818588729429,0.5228407760846534,0.46061408101605794
Gabas,0.5839106691781468,0.33602186269634576,0.5755929871076035,0.33783924793131587,0.5774103723425736,0.3295215658607725,0.4192572599352695,0.578971342876108,0.41371213855490724,0.414923728711554,0.45671611751945973
Galkogo,0.40901783413701176,0.532074860050534,0.3739174190144361,0.694381918894341,0.5362244778582432,0.6592815037717654,0.545158204360629,0.43971991033656366,0.5217579276122452,0.6299626335081165,0.5341496689543886
Gallah,0.39331187706415177,0.7595632771617178,0.6681623598353519,0.36625140009756607,0.27485048277120017,0.6411018828687662,0.5063755181078119,0.4454415732235679,0.6896091732886119,0.42740125524584416,0.517206879966459
Garam,0.6512601005132319,0.19211888568818444,0.47209406155268885,0.47985392970843627,0.7598291055729407,0.30068789074789315,0.44107763863661753,0.6277277558796205,0.3216336126629222,0.51345697534309,0.47597399563056253
Garatu,0.3776651824545687,0.3515957024145996,0.5046586745974262,0.31656496897817454,0.4696279411610011,0.443558461121032,0.3486086179491143,0.45065059940433194,0.4332709460443526,0.40991712375340256,0.4106118217878003
Gawu,0.4204057302402919,0.04551942354310154,0.3578562072067961,0.4059892146426234,0.7183259983063179,0.34343969160912763,0.29063812280867224,0.49886264525113533,0.24893844078634175,0.4892516348526897,0.38192271092470975
Gazhe 1,0.5090334614189113,0.37228002126427656,0.5451087745675366,0.4361523214877764,0.6089810747910364,0.4722276346364017,0.43915526805698807,0.5543744369258281,0.46320547682273827,0.5057870103050716,0.4906305480276565
Gazhe 2,0.5538631584414784,0.3817441700393709,0.5514276112215313,0.43759615938239227,0.6072796005645527,0.43516061216244506,0.45773449595441384,0.5708567900758541,0.45611079780778246,0.4933454573697967,0.4945118853019618
Gbadafu,0.5188365275026943,0.36521165029487246,0.6201795828790707,0.37997136686204136,0.6349392994462395,0.4813144222384177,0.42133984821986936,0.5913184699426681,0.48890188513745364,0.4987416961822329,0.500075474870556
Gbakogi,0.37945833699568343,0.4516934775307666,0.5652857374108725,0.5209176779993825,0.6345099378794883,0.7067450784145715,0.4506898308419442,0.5264180040953481,0.5745747644520702,0.6207242314311475,0.5431017077051274
Gbangban,0.45073411510128325,0.2656182907167969,0.46359231860155004,0.5393945550882745,0.7373685829730277,0.5522527585885413,0.41858232030211817,0.5505650055586203,0.4271544559689627,0.6096719655499477,0.5014934368449122
Gbara,0.5779338212292107,0.5324256894078088,0.5832892794216437,0.6977533672745668,0.7486169572884016,0.7031088254669997,0.6027042926371954,0.6366133526464187,0.6062745980988175,0.7164930500099894,0.6405213233481052
Gbeswa,0.37616419053012995,0.6868374070944544,0.6329585019642364,0.4493140362849847,0.3954351311547667,0.7061083477190911,0.5041052113031896,0.46818594121637763,0.6753014189259273,0.5169525050529474,0.5411362691246105
Genu,0.44193336365804037,0.6596051907190934,0.6433433277179377,0.41156417521176697,0.39530231221061124,0.6129741392716643,0.5043675765296336,0.49352633452886313,0.6386408859028985,0.4732802088980142,0.5274537514648523
Gijiwa/Kato,0.46419559184815234,0.2701128267966878,0.41112430118594123,0.24828152144739915,0.38929299583665256,0.19521023078518807,0.32752998003074646,0.42153762962358204,0.29214911958927237,0.27759491602307995,0.3297029113166702
Gini,0.4206712800029916,0.2726808687793054,0.4148367343734509,0.5489915446325044,0.6911474102266499,0.5431569990029638,0.4141145644716005,0.5088851415343641,0.41022486738524,0.594431984620706,0.4819141395029777
Gogata,0.3458908445984148,0.4049291631535543,0.5170780878613963,0.3746258180397881,0.4867747427476302,0.5458130613027696,0.3751486085972524,0.4499145584024804,0.48927343743924007,0.46907120736339597,0.4458519529505922
Gonagi,0.4953184150400006,0.3904466053339485,0.5146252995520133,0.5432178774627769,0.6673965716808419,0.5625247619747897,0.47632763261224204,0.5591134287576186,0.4891988889535838,0.5910464037061361,0.5289215885073951
Gulbiboka,0.493660269709148,0.6222246046802054,0.6289478148023595,0.44907652991905433,0.4557997400412085,0.584364075012266,0.5216538014361359,0.526135941517572,0.6118454981649436,0.4964134483241763,0.539012172360707
Gulum/Vatsa,0.2995452629421619,0.334205812358695,0.44132304531586547,0.5399559381359327,0.647073171093103,0.6817337205096362,0.3912356711455965,0.4626471597837101,0.4857541927280655,0.622920943246224,0.49063949172589905
Guni,0.6256032023284118,0.4758559688101374,0.5429467884174756,0.5919817954089657,0.6590726150163039,0.5093253814980294,0.564480322182505,0.6092075352540638,0.5093760462418808,0.586793263974433,0.5674642919132207
Gunna Central,0.2629435169800955,0.38314423801744724,0.2089791193779728,0.5480666724327657,0.3739015537932913,0.49410227483064306,0.3980514758101028,0.2819413967171199,0.36207521074202104,0.47202350035223334,0.37852289590536925
Gunna South,0.2908004929446999,0.3482539816229873,0.44928043196293577,0.4403436058910746,0.5413700562310231,0.5988235449093104,0.3597993601529206,0.4271503270462196,0.4654526528317445,0.526845735677136,0.44481201892700517
Gupa,0.3151192705565021,0.3015913016759543,0.5049241618272424,0.6068622485779716,0.8101951087292596,0.796667139848712,0.40785760693680934,0.543412847037668,0.534394201117303,0.7379081657186477,0.555893205202607
Gurmana,0.36209722064380306,0.249770907863767,0.41419104898493925,0.35054586375898694,0.5149660048801592,0.4026396921001231,0.32080466408885233,0.43041809150296717,0.3555338829829431,0.42271718691308974,0.3823684563719631
Gussoro/Zumba,0.44989864561272475,0.3585278791395924,0.40004812651033905,0.47006772757918536,0.511587974949932,0.4202172084767996,0.4261647507771675,0.45384491569099855,0.392931071375577,0.46729097033530564,0.43505792704476215
Guzan,0.43245801715961424,0.4788561885512894,0.5135273238895619,0.6540770170496966,0.688748152387969,0.7351463237796442,0.5217970742535334,0.5449111644790484,0.5758432787401652,0.69265716440577,0.5838021704696292
Gwam,0.4198345270649878,0.3469556049874185,0.39266545849525036,0.6373277376889435,0.6830375911967752,0.6101586691192059,0.46803928991378324,0.4985125255856711,0.44992657753395826,0.6435079993349749,0.5149965980920969
Gwarijiko,0.3717422311058502,0.370440522150708,0.45113376361648944,0.4376923479703275,0.518385589436109,0.5170838804809668,0.39329170040896194,0.4470871947194828,0.4462193887493881,0.4910539392958011,0.4444130557934085
Hashimi A,0.41321121917768594,0.00404603742928425,0.3294372647955989,0.4172572566069702,0.7426484839732849,0.3334833022248832,0.27817150440464683,0.49509898931552326,0.22232220148325546,0.4977963476017127,0.37334726070128454
Hashimi B,0.41835172562839984,0.009186543879998135,0.31274434987189326,0.4172572566069702,0.7208150625988653,0.31164988085046363,0.28159850870512276,0.4839703793663861,0.21119359153411832,0.48324073335209966,0.36500080323943174
Ibbi,0.49323774055410025,0.6379784844275104,0.5339543631093613,0.6887359793724439,0.5847118580542948,0.729452601927705,0.6066507347846849,0.5373013205725855,0.6337951498215255,0.6676334797848146,0.6113451712409026
Ibelu,0.4748960610696996,0.41990851357055653,0.6191857794842717,0.28058385393318397,0.47986111984689905,0.42487357234775597,0.3917961428578134,0.5246476534669567,0.48798928846752804,0.395106182042613,0.4498848167087278
Igwama,0.5015981029990118,0.5137366269023361,0.5478093487678618,0.559393216947526,0.5934659388130517,0.605604462716376,0.5249093156162913,0.5476244635266417,0.5557168127955247,0.5861545394923179,0.5536012828576938
Ijagbari,0.5556497249053609,0.10188371711138938,0.4577128918719431,0.5342658944512033,0.890095069211757,0.4363290614177855,0.39726644548931783,0.634485895329687,0.3319752234670393,0.6202300083602487,0.4959893931615732
Ijakoro,0.5257812285073085,0.057847365633386355,0.4555570776490669,0.5161033185126714,0.9138130305283519,0.4458791676544298,0.3665773042177887,0.6317171122282425,0.31976120364562766,0.6252651722318178,0.48583019808086914
Iku,0.5635928623535943,0.10538702140606242,0.4158482118986271,0.4815448525932176,0.7920060430857823,0.3338002021382504,0.38350824545095813,0.5904823724460012,0.2850118118143133,0.5357836992724168,0.4486965322459223
Iku 1/Iku South I,0.5008405077698849,0.049877182532148547,0.3382097880623701,0.4632318827113666,0.7515644882415882,0.30060116300385187,0.33798319100446667,0.5302049280246144,0.22956271119945684,0.5051325113189356,0.40072083538686837
Iku 2/Iku South II,0.4530932650560305,0.03887777730964247,0.27726081063381214,0.4236339426550343,0.662016975979204,0.24780148823281595,0.30520166167356905,0.4641236838896822,0.18798002539209016,0.4444841356223514,0.3504473766444232
Inkwai,0.4114781846357023,0.4236688722196712,0.5212256075004228,0.33529041434136003,0.4328471496221117,0.4450378372060806,0.39014582373224455,0.45518364725274557,0.46331077230872486,0.4043918003898508,0.42825801092089144
Ishau,0.5251355400499575,0.2080181202023681,0.39881439310574784,0.6828825801524105,0.8736788530557903,0.5565614332082008,0.4720120801349121,0.5992095954038319,0.3877979821721056,0.7043742888054672,0.5408484866290793
Izom,0.4776430632039409,0.1840546893611668,0.39440767512820774,0.5760753902587943,0.7864283760258353,0.4928400021830611,0.41259104760796733,0.5528263714526612,0.3571007888908119,0.6184479228225636,0.485241532693501
Jaagi,0.48816753738244084,0.4152070589947279,0.5259257094926675,0.6849096353622497,0.7956282858601893,0.7226678074724763,0.5294280772464728,0.6032405109117659,0.5546001919866238,0.7344019095649718,0.6054176724274586
Jamaare,0.5517838454040482,0.6660515430037541,0.7315371403539866,0.21783538840780237,0.28332098575803494,0.3975886833577408,0.4785569256052016,0.5222139905053566,0.5983924555718272,0.29958168584119266,0.4746862643808945
Jebba,0.5085573282338954,0.4620146003796418,0.4968626295059898,0.6588641031322888,0.6937121322586368,0.6471694044043832,0.5431453439152754,0.5663773633328407,0.5353488780966716,0.6665818799317696,0.5778633663191393
Jere,0.3619652845160369,0.2060920941472511,0.3846528686875551,0.46016507245901184,0.6387258469993158,0.48285265663053006,0.34274081704076664,0.4617813334009693,0.3578658731551121,0.527247858696286,0.4224089705732835
Jima,0.4966137534901886,0.3696972810995556,0.5293797778726852,0.4024121605462951,0.5620946573194248,0.43517818492879173,0.4229077317120131,0.5293627295607662,0.44475174796701084,0.4665616675981705,0.46589596920949017
K/Takuma,0.3408524020915512,0.45931137089189045,0.44395942400731225,0.6935545958327749,0.6782026489481967,0.7966616177485359,0.49790612293873887,0.4876714916823534,0.5666441375492463,0.7228062875098358,0.5687570099200436
Kabe,0.4021133037146369,0.7124237232909602,0.6465421805819296,0.4967370909444217,0.4308555482353911,0.7411659678117144,0.5370913726500063,0.4931703441773192,0.7000439572282012,0.5562528689971757,0.5716396357631757
Kabo,0.5389548980393178,0.17318224525746326,0.400596815464639,0.595203349383864,0.8226179195910397,0.45684526680918514,0.4357801642268817,0.5873898776983322,0.3435414425104291,0.6248888452613629,0.4979000824242515
Kaboji,0.5925630042571901,0.5643951499064571,0.5949475883350939,0.5213455795484389,0.5518980179770756,0.5237301636263426,0.5594345779040287,0.5798028701897865,0.5610243006226312,0.532324587050619,0.5581465839417663
Kabulla,0.494033545027884,0.2919604053668683,0.4923825882562821,0.6877708525779186,0.8881930354673324,0.6861198958063167,0.4912549343242236,0.6248697229171661,0.49015429647648906,0.7540279279505225,0.5900767204171004
Kafin Koro,0.5016606805198442,0.14516298724317664,0.3869068688280375,0.5299821586675559,0.7717260402524168,0.4152283469757492,0.39226860881019227,0.5534311965334329,0.31576606768232107,0.5723121819652407,0.4584445137477967
Kakihum,0.45984821650080154,0.5788844875104477,0.5718441299607371,0.5489672111652389,0.5419268536155283,0.6609631246251745,0.5292333050588294,0.5245397333590223,0.603897247365453,0.5839523964686473,0.560405670562988
Kakuri,0.4210498253301156,0.23349323086933055,0.25051086272726947,0.33015561212253913,0.34717324398047805,0.159616649519693,0.32823288944066176,0.33957797734595435,0.214540247705431,0.2789818352075701,0.2903332374249043
Kampala,0.29664910474661255,0.2963191929132407,0.40569885321995713,0.3679018323718636,0.47728149267858,0.47695158084520817,0.3202900433439056,0.3932098168817166,0.3929898756594687,0.44071163529855056,0.38680034279591036
Kanwuri,0.28384526131117827,0.11137281349849609,0.40897815511099933,0.1942563978381341,0.4918617394506374,0.3193892916379552,0.19649149088260284,0.39489505195760505,0.27991342008248354,0.3351691429755756,0.3016172764745667
Kasanga,0.42691518372087767,0.6187582159357228,0.5551198212421178,0.5613777106728831,0.497739315979278,0.6895823481941232,0.5356837034431612,0.49325810698075784,0.6211534617906546,0.5828997916154282,0.5582487659575004
Kashini,0.24421424868011576,0.48866873178046216,0.512837640606215,0.28368156995740473,0.30785047878315747,0.5523049618835039,0.33885485013932753,0.35496745602316276,0.5179371114233936,0.38127900354135535,0.3982596052818098
Katcha,0.4307263980187092,0.42138412896748023,0.5652599955325287,0.4696937942057212,0.6135696607707697,0.6042273917195408,0.44060144039730353,0.5365186847740026,0.5302905054065166,0.5624969488986772,0.517476894869125
Kateregi,0.3438033270283235,0.4768297717229215,0.5103129729491871,0.44659888694318295,0.48008208816944853,0.6131085328640465,0.4224106618981427,0.4447327960489864,0.5334170925120517,0.5132631693255593,0.478455929946185
NISKNT04_Kawo,0.6320384221816254,0.4533575691441707,0.6106353634202998,0.3219412407664016,0.4792190350425307,0.300538182005076,0.46911241069739923,0.5739642735481519,0.4548437048565155,0.3672328192713361,0.4662883020933507
NISNAS04_Kawo,0.5307622262491902,0.597440852007384,0.6176779681548004,0.467013045648361,0.4872501617957773,0.5539287875539711,0.5317387079683118,0.5452301187332559,0.5896825359053851,0.5027306649993698,0.5423455069015807
Kazai,0.4867837563978942,0.2877799489701436,0.4234698689413208,0.6547999080276576,0.7904898279988348,0.5914860205710843,0.47645453779856517,0.5669144844460167,0.4342452794941829,0.6789252521991923,0.5391348884844893
NISMAK07_Kodo,0.3823652234308052,0.5949548622752864,0.5324574476807085,0.5352314291975915,0.47273401460301356,0.6853236534474947,0.5041838383012277,0.46251889523817574,0.6042453211344965,0.5644296990826999,0.53384443843915
NISWSH05_Kodo,0.4156355296548542,0.4871026508018882,0.5395477455852694,0.43252526201014513,0.48497035679352635,0.5564374779405604,0.44508781415562915,0.4800512106778833,0.5276959581092394,0.4913110322480773,0.48603650379770724
Kokoli,0.6069468617020217,0.7226767737925424,0.3843550467395007,0.5609135420155626,0.22259181496252095,0.3383217270530417,0.6301790591700422,0.40463124113468113,0.4817845158616949,0.37394236134370845,0.4726342943775317
Kongoma Central,0.38127640873827107,0.42566020588607223,0.5060894292229483,0.5979758108318254,0.6784050341687016,0.7227888313165027,0.4683041418187229,0.5219236240433069,0.551512822141841,0.6663898921056766,0.5520326200273868
Kongoma West,0.38859616724665846,0.4438351115146563,0.4912894220959727,0.5746648813712554,0.6221191919525718,0.6773581362205696,0.4690320533775234,0.5006682604317344,0.5374942232770662,0.6247140698481323,0.532977151733614
Kotonkoro,0.5065414227288889,0.6417912046522138,0.6642913119317533,0.497454591141826,0.5199546984213654,0.6552044803446904,0.548595739507643,0.5635958110273359,0.6537623323095525,0.5575379233026273,0.5808729515367896
Kpada,0.3018604340911455,0.3398040992339574,0.479598120173921,0.5671736826756423,0.7069677036156059,0.7449113687584178,0.4029460720002484,0.49614208596022413,0.5214378627220987,0.6730175850165553,0.5233859014247817
Kuchi,0.5700646915886286,0.47438407950953343,0.5004851201194362,0.5771638878645436,0.6032649284744465,0.5075843163953513,0.5405375529875686,0.5579382467275038,0.49415117200810704,0.5626710442447805,0.5388245039919899
Kuchi Bussu,0.39488366037749945,0.17243471901802007,0.5216268513959171,0.30569477395206207,0.6548869063299592,0.43243796497047976,0.29100438444919385,0.5237991393677919,0.375499845128139,0.4643398817508337,0.4136608126739896
NISKNT05_Kudu,0.40297305499702685,0.15478919326385293,0.42433614659792185,0.24945861712592418,0.5190055704599932,0.27082170872681927,0.26907362179560135,0.44877159068498057,0.2833156828628647,0.3464286321042455,0.3368973818619231
NISMKW06_Kudu,0.3629549106074968,0.3787331123279143,0.42011844332784504,0.6612228195682122,0.7026081505681429,0.7183863522885603,0.4676369475012077,0.49522716816782825,0.5057459693147732,0.6940724408083051,0.5406706314480285
Kudu/Gabas,0.379068174743726,0.14774834624845692,0.41442765269103077,0.3673441507088699,0.6340234571514437,0.40270362865617465,0.29805355723368426,0.47583976152873353,0.32162654253188744,0.4680237455054961,0.3908859016999503
Kuluho,0.43181481999130866,0.5287207203858849,0.5516169239203543,0.7618700611728906,0.78476626470736,0.8816721651019364,0.5741352005166948,0.589399336206341,0.6540032698027252,0.8094361636607289,0.6567434925466225
Kumbashi,0.47800234738838104,0.5957693583778925,0.5912832129710159,0.4875052130544638,0.48301906764758734,0.6007860786370987,0.5204256396069123,0.5174348760023281,0.5959462166620023,0.5237701197797167,0.5393942130127398
Kura/Auna East,0.5427452673608869,0.5366633457284392,0.6333027904589041,0.39203890518585877,0.48867834991632375,0.48259642828387606,0.49048250609172833,0.554908802578705,0.5508541881570732,0.45443789446201954,0.5126708478223815
Kurebe/Kushaka,0.3576987289943827,0.6005429385623727,0.4805052217089667,0.7533731841181449,0.6333354672647389,0.8761796768327289,0.5705382838916334,0.4905131393226961,0.6524092790346895,0.7542961094052042,0.6169392029135559
Kurmi Sarki,0.44425227941689,0.07759249344774094,0.37008477508491716,0.4829706924814756,0.7754629741186518,0.4088031881495028,0.33493848844870217,0.5299333428734864,0.2854934855607203,0.5557456182498767,0.4265277337831964
Kusherki North,0.4519582283918711,0.6288940296699264,0.5077262607941683,0.6865250207850024,0.5653572519092445,0.7422930531872995,0.5891257596156,0.5083472470317613,0.6263044478837981,0.6647251086271821,0.5971256407895853
Kusherki South,0.43196763974849045,0.5590656740463925,0.4642369104490711,0.6798458504415175,0.5850170868441962,0.7121151211420982,0.5569597214121335,0.4937405456805859,0.5784725685458539,0.658992686142604,0.5720413804452943
Kuso Tachin,0.37296696992008704,0.20155990195001222,0.49570924205977496,0.287780847834446,0.5819301879442087,0.4105231199741339,0.28743590656818174,0.48353546664135694,0.36926408799464033,0.4267447185842628,0.3917450449471105
Kutigi,0.3701612529846252,0.23944070013838914,0.46326183988631114,0.5129372075392273,0.7367583472871493,0.6060377944409132,0.37417972022074725,0.5233938133860286,0.4362467781552046,0.6185777830890967,0.4880995237127692
Kutriko,0.41695935791982874,0.5316524771037574,0.5356051890759839,0.459806019392866,0.46375873136509244,0.578451850549021,0.4694726181388174,0.472107759453635,0.5485698389095874,0.5006722004356599,0.49770560423442495
Kwagana,0.49557124109320305,0.21143764858767808,0.3738950889531656,0.6313421109747749,0.7937995513402624,0.5096659588347374,0.446117000218552,0.5544219604622104,0.364999565458527,0.6449358737165916,0.5026185999639703
Kwaka,0.5186927252064953,0.09722224148400854,0.3911223887051063,0.5270726860008046,0.8209728332219024,0.3995023494994155,0.3809958842304362,0.576929315711168,0.2959489932295101,0.5825159562407075,0.45909753735295544
Kwaki/Chikuba,0.3125478216336959,0.5016089133532812,0.45517231096808164,0.6783408509265122,0.6319042485413127,0.8209653402608981,0.49749919530449643,0.46654146038103006,0.592582188194087,0.7104034799095743,0.566756580947297
Kwakuti,0.45356828173836844,0.20003885853091685,0.4068937332209337,0.5683773799104903,0.775232254600507,0.5217028313930555,0.40732817339325855,0.545231423186603,0.3762118077149687,0.6217708219680177,0.487635556565712
Kwata,0.34156427182016397,0.23556934837088533,0.41289127808840015,0.3309022923000918,0.5082242220176066,0.402229298568328,0.30267863749704704,0.4208932573087236,0.35022997500920444,0.41378527096200884,0.37189678519424596
Kwatachi,0.4816858115837696,0.5244807643348441,0.5049441078273245,0.6857803217020344,0.6662436651945147,0.7090386179455892,0.5639822992068827,0.550957861535203,0.5794878300359193,0.6870208682807127,0.5953622147646794
Kyari,0.24508232814553607,0.011024500903101347,0.3359182817425143,0.24972075783687148,0.5746145386762844,0.34055671143384975,0.16860919562850296,0.38520504952144496,0.22916649802648847,0.38829733598233523,0.2928195197896929
Labozhi,0.38254020952633794,0.38538542307287443,0.47158261847097754,0.6808651081478199,0.767062303545923,0.7699075170924594,0.4829302469156774,0.5403950438477462,0.5422918528787705,0.7392783095954009,0.5762238633093987
Lagun,0.4033021234844253,0.5124528903503688,0.4658834737263774,0.7081371978089372,0.6615677811849459,0.7707185480508894,0.5412974038812438,0.5102511261319161,0.5830183040425452,0.7134745090149242,0.5870103357676573
Lambata,0.4497065633258008,0.10857920879104369,0.36776579017858435,0.4615018675124672,0.7206884489000078,0.37956109436525076,0.3399292132097706,0.512720267468131,0.2853020311116263,0.5205838035925753,0.4146338288455258
Landzun,0.2559741632669913,0.006600349622264277,0.34269150823163114,0.26039606687497185,0.5964872254843387,0.3471134118396117,0.17432352658807582,0.3983842989943203,0.2321350898978357,0.40133223473297414,0.30154378755330147
Lefu,0.4081079389436425,0.27570837951882415,0.3839333576236171,0.5767936725755403,0.6850186506803333,0.5526190912555149,0.42020333034600227,0.49235331574919766,0.4040869427993187,0.6048104715037961,0.48036351509957864
Lemu,0.41505555428448726,0.3971368949272679,0.5200830671416726,0.3978031734254318,0.5207493456398365,0.5028306862826172,0.40333187421239564,0.4852959890219988,0.47335021611718586,0.4737944017826285,0.4589431202835522
Limawa A,0.2517153761215046,0.041319432167334275,0.19392329104477624,0.2191698509066638,0.37177370978410573,0.16137776582993543,0.17073488639850087,0.2724707923167955,0.13220682968068198,0.25077377550690166,0.20654657097572
Limawa B,0.2360088325549653,0.027442681359988855,0.22442871254896243,0.22099964366585767,0.4179856748548313,0.2094195236598548,0.16148371919360394,0.292807739986253,0.15376363918960204,0.28280161406018123,0.22271417810741007
Lokogwoma,0.3800332671490333,0.4275907201962973,0.48484387936539985,0.461129259359495,0.5183824185285976,0.5659398715758616,0.42291774890160855,0.4610865216810103,0.4927914903791863,0.5151505164879847,0.47298656936244743
Maburya,0.45739067792666444,0.6825744067280809,0.6252078106904454,0.5148488284585918,0.4574822324209563,0.6826659612223728,0.5516046377044458,0.5133602403460221,0.663482726213633,0.5516656740339737,0.5700283195745186
Madalla,0.45391496620282173,0.04421337817648986,0.34026171706880054,0.4312972664810362,0.7273456053733469,0.31764401734701503,0.3098085369534493,0.5071740962149898,0.23403970419743514,0.49209562973379944,0.3857794917749184
Madara,0.6064647616768404,0.4780254372244773,0.6256473160546145,0.3787785879815935,0.5264004668117308,0.39796114235936775,0.48775626229430374,0.5861708481810619,0.5005446318794866,0.434380065717564,0.5022129520181041
Magaji,0.4469527570370837,0.5433596189172764,0.6157043571214811,0.39174665026804156,0.46409138847224635,0.560498250352439,0.4606863420741339,0.5089161675436037,0.5731874087970655,0.4721120963642423,0.5037255036947614
NISSUL09_Magajiya,0.41321121917768594,0.00404603742928425,0.3286387550462057,0.4172572566069702,0.7418499742238917,0.33268479247549,0.27817150440464683,0.49456664948259443,0.22178986165032666,0.49726400776878393,0.37294800582658794
NISKNT07_Magajiya,0.6106950142222004,0.4135287430919814,0.5888911330868609,0.39261258691842327,0.5679749769133027,0.3708087057830837,0.4722787814108684,0.5891870414074547,0.4577428606539753,0.44379875653826995,0.49075186000264204
Magamadaji/Ibelu North,0.3973841283141424,0.5959757842781888,0.5947081081028169,0.437051523036414,0.4357838468610421,0.6343755028250886,0.4768038118762484,0.4759586944260004,0.6083531317353646,0.5024036242408482,0.5158798155696155
Mago,0.3728776261690718,0.862133889905933,0.6483673948912995,0.5107437362631387,0.29697724124850516,0.7862335049853664,0.5819184174460479,0.43940742076962547,0.7655782632608662,0.5313181608323368,0.5795555655772191
Maikunkele,0.3342709959270328,0.25205603861006665,0.44530780664424596,0.2454817690809737,0.43873353711515306,0.35651857979818685,0.27726960120602434,0.4061041132288106,0.35129414168416656,0.3469112953314379,0.3453947878626098
Maito,0.38435685427103894,0.2822758593004471,0.4373600873077139,0.3855024816064383,0.5405867096137051,0.4385057146431133,0.35071173172597475,0.4541012170641527,0.38604722041709144,0.45486496862108555,0.4114312844570761
Maitumbi,0.34616590775232925,0.11309306151349666,0.37959409208910816,0.335572208139547,0.6020732387151586,0.36900039247632593,0.264943725801791,0.4426110795188653,0.28722918202631026,0.4355486131103438,0.3575831501143276
Makera,0.246231457157999,0.02614518862859849,0.2922938147045906,0.2237476733877128,0.48989629946370483,0.26981003093430433,0.1653747730581034,0.3428071904420982,0.19608301142249782,0.32781800126190735,0.25802074404615166
Malale,0.4278798596511347,0.6008919652783904,0.47171407973032947,0.7433237646705263,0.6141458791224654,0.7871579847497211,0.5906985298666837,0.5045799395013099,0.6199213432528137,0.7148758761809043,0.6075189222004278
Manbe Tafyan,0.5079252865947449,0.49172020071104355,0.6183776766332773,0.5016483222887783,0.6283057982110121,0.6121007123273107,0.5004312698648555,0.5848695871463447,0.5740661965572106,0.5806849442757004,0.5600129994610278
Manigi/Dapangi/Makera,0.39137363572065,0.44207927435628536,0.43189363427110666,0.6061833496192113,0.5959977095340325,0.646703348169668,0.4798787532320488,0.4730883265085964,0.50689208559902,0.6162948024409706,0.5190384919451589
Manta,0.578696868699545,0.48609335157267136,0.40903309560473083,0.3519536776160922,0.27489342164815167,0.1822899045212781,0.47224796596276947,0.42087446198414247,0.3591387838995601,0.269712334595174,0.3804933866104115
Masaba A/Masaga I,0.2418892925396531,0.0057169400458396795,0.32791580763872785,0.24760623258549277,0.5698051001783809,0.3336327476845675,0.16507082172366186,0.37987006678558727,0.22242183178971167,0.3836813601494804,0.2877610201121103
Masaba B,0.2418892925396531,0.0057169400458396795,0.32791580763872785,0.24760623258549277,0.5698051001783809,0.3336327476845675,0.16507082172366186,0.37987006678558727,0.22242183178971167,0.3836813601494804,0.2877610201121103
Masaga A,0.2427099632232375,0.006537610729424092,0.3351216972287749,0.24760623258549277,0.5761903190848435,0.3400179665910301,0.1656179355127181,0.38467399317895196,0.22722575818307636,0.3879381727537888,0.2913639649071338
Masaga B/Masaga  II,0.2418892925396531,0.0057169400458396795,0.3304438262063866,0.24760623258549277,0.5723331187460398,0.3361607662522263,0.16507082172366186,0.38155541249735986,0.2241071775014842,0.38536670586125293,0.2890250293959397
Mashegu,0.37775484643822393,0.44321227017858844,0.475359408279774,0.5695274183206744,0.6016745564218601,0.6671319801622246,0.4634981783124956,0.48492960371328603,0.5285678862068623,0.612777984968253,0.5224434133002243
Masuga,0.5432050663227029,0.5167199539444772,0.622463702626223,0.42776932089611264,0.5335130695778584,0.5070279571996326,0.4958981137210976,0.5663939461755948,0.548737204590111,0.4894367825578678,0.5251165117611678
Mayaki Ndejiya,0.2548849402598494,0.005409259522410576,0.35756277982599705,0.26029419978226,0.6124477200858465,0.3629720393484076,0.17352946652150666,0.40829848005723096,0.24198135956560507,0.41190465307217133,0.3089284898041285
Mazakuka,0.5511189926446908,0.7410992947950301,0.593641464498186,0.6778400502907493,0.5303822199939052,0.7203625221442446,0.6566861125768234,0.5583808923789273,0.6850344271458203,0.6428615974762998,0.6357407573944677
Minna C,0.25414479272415086,0.041192597722889926,0.2751754230447264,0.2166135998595732,0.45059642518140963,0.23764423018014874,0.17065033010220465,0.3266388803167623,0.1846707503159217,0.3016180850737105,0.2458945114521498
Minna S,0.24924357711676937,0.056889398790391156,0.3486485173725771,0.200262193050037,0.49202131163222296,0.29966713330584477,0.16879838965239916,0.3633044687071898,0.2350683498229377,0.3306502126627016,0.27445535521130704
Mokwa Central,0.3693407021525533,0.5304967912729535,0.4810865411468399,0.5716649163346219,0.5222546662085085,0.6834107553289086,0.4905008032533762,0.4575606365026339,0.5649980292495673,0.5924434459573463,0.5263757287407309
Moregi,0.49533292510408156,0.32937402837667396,0.5330620883466177,0.5236151338343881,0.7273031938043318,0.5613442970769242,0.4494406957717145,0.585232735751677,0.4745934712667386,0.6040875415718814,0.5283386110905028
Muwo/Gbajibo,0.5056888499416266,0.6394362887632745,0.45922565798628007,0.7545692029197302,0.5743585721427357,0.7081060109643837,0.6332314472082105,0.5130910266902141,0.602255985904646,0.6790112620089498,0.6068974304530051
Muye,0.4029797100215561,0.4089275835377098,0.4733932311314186,0.600931062793028,0.6653967103867368,0.6713445839028904,0.4709461187840979,0.5139232171799039,0.517888466190673,0.6458907856942184,0.5371621469622232
Nasarafu,0.31484660258222524,0.07140354646620617,0.4239730169766418,0.2639660939966402,0.6165355645070758,0.3730925083910568,0.21673874768169055,0.45178506135531427,0.2894896906113016,0.4178647222982576,0.343969555486641
Nasarawa,0.5376284751314105,0.8285386797063834,0.5817140574892763,0.5273607259792152,0.2805361037621082,0.571446308337081,0.6311759602723364,0.46662621212759836,0.6605663485109136,0.45978104602613484,0.5545373917342458
Nasarawa A,0.28961269084509633,0.059685561455021366,0.25496796969323277,0.2395155976698686,0.43479800590808,0.20487087651800504,0.19627128332332877,0.32645955548213634,0.17317480255541973,0.2930614933653179,0.2472417836815507
Nasarawa B,0.2759442716679209,0.04601714227784595,0.21868702050498606,0.2395155976698686,0.4121854758970087,0.1822583465069338,0.18715900387187848,0.30227225602330526,0.14898750309658862,0.2779864733579371,0.22910130908742735
Nasarawa C,0.27070926563617037,0.037647566208833756,0.19276654436625454,0.24803658109576296,0.40315555925318375,0.17009385982584715,0.18546447098025573,0.2888771230852029,0.13350265680031181,0.2737620000582646,0.22040156273100878
Nasko,0.492742941532326,0.572530615518565,0.6450664713948049,0.37855780202379263,0.4510936579000324,0.5308813318862715,0.48127711969156123,0.5296343569423878,0.5828261395998804,0.45351093060336556,0.5118121367092987
Nassarawa,0.6268079676637259,0.6824910870872886,0.4853013491649216,0.7935938905854258,0.596404152663059,0.6520872720866216,0.7009643151121469,0.5695044898305689,0.6066265694462772,0.6806951051117022,0.6394476198751738
New Bwari,0.5971842304450873,0.12629667126287575,0.5007488866899211,0.5128303456841405,0.8872825611111859,0.41639500192897444,0.4121037491307012,0.6617385594153982,0.34781351996059046,0.6055026362414336,0.5067896161870309
Ngwamatse,0.545017381665953,0.44572842937548285,0.5885537924258486,0.4972564725980484,0.6400818356484141,0.5407928833579438,0.4960007612131614,0.5912176699134052,0.5250250350530917,0.5593770638681355,0.5429051325119485
Nuwan Kuta,0.3731631407231374,0.4368609704529183,0.505018473262397,0.438920907741996,0.5070784105514747,0.5707762402812556,0.4163150063060172,0.4617533415123363,0.5042185613321903,0.5055918528582422,0.4719696905021965
Paiko,0.4103789165071946,0.18065279398897355,0.4237572269781118,0.3323544593962644,0.5754588923854026,0.3457327698671816,0.3077953899641442,0.469865011956903,0.3167142636114223,0.41784870721628287,0.3780558431871881
Papiri,0.4704254678306871,0.7945853696044922,0.6377033275527879,0.426449768314942,0.2695677262632377,0.5937276280370428,0.5638202019167071,0.4592321738822376,0.6753387750647742,0.42991504087174087,0.5320765479338649
Pina/Kolu,0.3667094825914019,0.3055877303074446,0.4625383996521483,0.44037096095976863,0.5973216303044724,0.536199878020515,0.3708893912862051,0.4755231708493408,0.4347753359933693,0.5246308230949187,0.4514546803059585
Raba Ndayako,0.4566826432709612,0.4176508291605746,0.5345058232775749,0.5272136625276918,0.644068656644692,0.6050368425343055,0.4671823783197426,0.5450857077310761,0.5190644983241516,0.5921063872355631,0.5308597429026334
Rafi,0.5324366567421297,0.47863781137240885,0.4968032815888115,0.6383929170285224,0.656558387244925,0.6027595418752041,0.5498224617143537,0.5619327751919554,0.5260668782788082,0.6325702820495506,0.5675980993086669
Rafin Gora,0.7295905171230039,0.5606221008622894,0.707241361835153,0.3636782436153115,0.510297504588175,0.34132908832746045,0.5512969538668683,0.6490431278487773,0.536397517008301,0.4051016121769823,0.5354598027252322
Rijau,0.3740925248308784,0.4284843196420007,0.6082912761843848,0.09668599288602603,0.27649294942841013,0.3308847442395324,0.29975427911963504,0.4196255834812244,0.45588678002197264,0.23468789551798952,0.3524886345352054
Rofia,0.44969707841757,0.5537717529315977,0.5708615015160157,0.18172642610813688,0.1988161746925549,0.3028908492065826,0.39506508581910155,0.4064582515420469,0.475841367884732,0.2278111500024248,0.3762939638120763
Rokota,0.4145109730804466,0.42095933530787166,0.4838317838543955,0.6664414772568109,0.7293139258033348,0.7357622880307598,0.5006372618817098,0.5425522275793923,0.546851135731009,0.7105058970303019,0.5751366305556032
NISMNA09_Sabon Gari,0.2479398091482913,0.018012679758216372,0.2875044184723231,0.2395155976698686,0.5090073363839753,0.2790802069939004,0.16848936219212543,0.34815052133486324,0.19486576840814662,0.34253438034924816,0.26351000807109587
NISWSH09_Sabon Gari,0.4936168753074349,0.6418980048837712,0.5870591502859556,0.5246072361983946,0.4697683816005789,0.6180495111769152,0.5533740387965336,0.5168148023979898,0.615668888782214,0.5374750429919629,0.5558331932421751
NISKAG09_Sabon Gari,0.3236388479276562,0.3016328918308414,0.4693239619692116,0.478073776447967,0.6457648465863373,0.6237588904895224,0.36778183873548825,0.47957588549440167,0.46490524809652517,0.5825325045079423,0.47369886920858933
Sabon Gari Wuse,0.40477325824711213,0.6012434652646597,0.6542819781249649,0.21342210750403334,0.26646062036433865,0.4629308273818862,0.4064796103386017,0.4418386189121386,0.5728187569238369,0.3142711850834194,0.43385204281449913
Sahonrami/Saho-Rami,0.41531468956663564,0.5125117823098405,0.4989241554746229,0.6839901205798122,0.6704024937445946,0.7675995864877995,0.5372721974854294,0.5282137795952844,0.5930118414240876,0.7073307336040688,0.5914571380272176
Sakpe,0.4028834487351918,0.35081092528612506,0.4409443715883014,0.6037745900450662,0.6939080363472425,0.6418355128981758,0.4524896546887944,0.5125786188902453,0.4778636032575341,0.6465060464301615,0.5223594808166838
Salka/Auna East Central,0.5990596136952353,0.5519294365634774,0.6477590577603085,0.3791291595523476,0.47495878074917885,0.4278286036174209,0.5100394032703535,0.5739258174015743,0.5425056993137356,0.42730551463964916,0.5134441086563282
Sarki Power,0.47830791711916026,0.28448801160263876,0.4927787402428243,0.6465507581296597,0.8548414867698453,0.6610215812533238,0.4697822289504862,0.6086427147106099,0.4794294443662623,0.7208046087176095,0.569664749186242
Shagunnu,0.42117194216776693,0.5990238883078326,0.6411751524838156,0.46017336473929477,0.5023246289152777,0.6801765750553435,0.49345639840496475,0.5215572411889534,0.6401252052823305,0.547558189569972,0.5506742586115552
Shako,0.5113698558868606,0.2178756890635035,0.4170333436045643,0.6650629104467217,0.8642205649877825,0.5707263981644254,0.4647694851323619,0.5975412548264024,0.4018784769441644,0.7000032911996432,0.541048127025643
Shambo,0.5192372905267287,0.6532889704226569,0.6951565335255829,0.2936943774166473,0.3355619405195734,0.4696136204155015,0.4887402127886776,0.5166519215239617,0.6060197081212472,0.36628997945057407,0.49442545547111505
Shatta,0.47197812158752483,0.34191304348499074,0.5346721239222163,0.3176648593478401,0.5104239397850656,0.38035886168253163,0.3771853414734519,0.505691395098269,0.4189813430299129,0.4028158869384792,0.42616849163502823
She/Gunu,0.3854631511865494,0.2002244448452582,0.37850359642877,0.5031141631961565,0.6813933147796685,0.4961546084383772,0.3629339197426547,0.4817866874649959,0.3582942165708018,0.5602206954714007,0.4408088798124633
Sidisaba,0.3866238919233835,0.34993969488952936,0.5146568005118328,0.3427691584264258,0.5074862640487292,0.47080206701487515,0.3597775817464462,0.4695889854946485,0.44513285413874576,0.44035249649667674,0.42871297946912934
Sojmajiko,0.3984623738929017,0.4860946887049984,0.5088350350176778,0.48831205286084595,0.5110523991735254,0.5986847139856222,0.4576230384862487,0.47278326936136833,0.5312048125694327,0.5326830553399978,0.4985735439392619
Suteku,0.40066458784645415,0.4762117669094773,0.38022067646597774,0.36216644070194604,0.2661753502584464,0.3417225293214696,0.41301426515262585,0.34902020485695945,0.3993849908989749,0.32335477342728736,0.3711935585839619
T/Bube,0.42969674907937117,0.7962657612802544,0.6916184032377207,0.42065607472890637,0.31600871668637265,0.6825777288872559,0.5488728616961773,0.47910795633448816,0.7234872978017437,0.473080840100845,0.5561372389833136
T/Wada N,0.28241322452957174,0.03876595817786434,0.31561455131652266,0.24364726635170741,0.5204958594903657,0.27684859313865834,0.1882754830197145,0.37284121177882,0.21040970087768177,0.3469972396602438,0.279630908834115
T/Wada S,0.25076759694324796,0.022603999481669457,0.3246442394720735,0.234913256984716,0.5369534969751201,0.3087898995135415,0.1694282844698778,0.3707884444634805,0.21867937948909486,0.3602188844911258,0.27977874822839477
Tagagi,0.3822240469022714,0.4833254040187446,0.5234411073713805,0.571271800160962,0.6113875035135978,0.7124888606300711,0.478940417027326,0.5056842192624166,0.5730851240067321,0.6317160547682104,0.5473564537661713
Takuti/Shaku,0.3752884063572266,0.3040057569894654,0.4557831166374136,0.4069996343330664,0.5587769939810145,0.48749434461325336,0.36209793255991946,0.463282838991885,0.41576107274671087,0.4844236576424448,0.43139137548524
Tegina Central,0.3495448680613913,0.3782081896908366,0.47769041657843303,0.45786805817369536,0.5573502850612918,0.5860136066907371,0.39520703864197443,0.46152852323370536,0.4806374043200023,0.5337439833085748,0.4677792373760642
Tegina West,0.4183961429952672,0.573696186883226,0.502448938621487,0.5675796690993847,0.49633242083764584,0.6516324647256047,0.5198906663259594,0.47239250081813333,0.5759258634101059,0.5718481848875451,0.5350143038604359
Tufa,0.44365341562341043,0.2731165363495137,0.47048894440283967,0.4450006145982025,0.6423730226515285,0.4718361433776318,0.38725685552370886,0.5188384608925928,0.40514720804332843,0.5197365935424543,0.45774477950052106
Tukunji,0.35720095872363267,0.4979777274603689,0.4671892470274966,0.6326436070612468,0.6018551266283745,0.7426318953651108,0.49594076441508284,0.4754151107931679,0.569266289950992,0.6590435430182441,0.5499164270443717
Tunga Bunu,0.3959268375638958,0.5441067660485253,0.6191262448207973,0.2231273147615384,0.2981467935338103,0.4463267220184398,0.3877203061246532,0.43773329197283445,0.5365199109625874,0.3225336101045962,0.4211267797911678
Tunga Magajiya,0.4234824456120408,0.4738262623627728,0.6555313972889727,0.10659505039170442,0.2883001853179043,0.3386440020686363,0.3346345861221727,0.45577134273963926,0.4893338872401272,0.244513079259415,0.3810632238403385
Tunga Wawa,0.6469573611252515,0.5789313816212897,0.6664251386681588,0.407924390237685,0.49541814728455413,0.4273921677805923,0.5446043776614088,0.6029335490259881,0.557582896023347,0.4435782351009438,0.5371747644529219
Tungajika/Auna South,0.4986952222861528,0.6951634823666928,0.5708425706602228,0.7419631526055939,0.6176422408991239,0.8141105009796639,0.6452739524194798,0.5623933446151664,0.6933721846688599,0.7245719648281272,0.6564028616329084
Tungamallam/Nikuchi,0.3474485720917733,0.3314492126731687,0.3846130910494173,0.5226751405727389,0.5758390189489875,0.559839659530383,0.4005243084458936,0.4359668940300594,0.4253006544176563,0.552784606350703,0.4536441158110781
Tutungu Jedina,0.3198731517036776,0.24060043765203173,0.3963450970888781,0.3721358865671165,0.5278805460039628,0.448607831952317,0.3108698253076086,0.4146995982655062,0.36185112223107563,0.4495414215077988,0.3842404918279973
Ubandoma,0.4442098552876581,0.31609351152473664,0.5056983584927388,0.3380530629259174,0.5276579098939195,0.39954156613099806,0.36611880991277074,0.49252204122477217,0.40711114538282445,0.421750846316945,0.42187571070932806
Umaru Majagi A/Umaru Majigi  I,0.24271885591141795,0.011091082312075427,0.36753333970003793,0.25215081147996365,0.6085930688679262,0.37696529526858363,0.16865358323448568,0.4062817548264606,0.25186323909356567,0.4125697252054912,0.30984207559000077
Umaru Majagi B/Umaru Majigi  II,0.3216822447454066,0.0829625492878845,0.4051761514232459,0.276196602343212,0.5984102044785735,0.3596905090210514,0.22694713212550102,0.441756200215742,0.2826097365773939,0.411432438614279,0.340686376883229
Usalle,0.5609231901897394,0.5097803362564715,0.63283710915755,0.4889590305177904,0.6120158034188689,0.5608729494856008,0.5198875189880003,0.6019253675887194,0.5678301316332074,0.5539492611407534,0.5608980698376701
Wadata,0.3251785483704395,0.07587698620899476,0.3800235810707464,0.25326096052949304,0.5574075553912448,0.3081059932297999,0.21810549836964244,0.42086989494414356,0.25466885350318036,0.37292483638351254,0.31664227080011975
Wamba,0.5138357771503136,0.6255222609433302,0.6169640978342619,0.5690692880711908,0.5605111249621225,0.6721976087551391,0.5694757753882782,0.563770333315566,0.6382279891775771,0.6005926739294841,0.5930166929527263
Wambai,0.4499476766336686,0.04111031348866006,0.3732250127058568,0.41758507521036337,0.7496997744275601,0.34086241128255157,0.302881021777564,0.5242908212556951,0.2517325791590228,0.5027157536401584,0.39540504395811005
Warari,0.5502204221452506,0.7168492081959495,0.7096998418609903,0.39323572373529814,0.38608635740033886,0.5527151434510378,0.5534351180254994,0.5486688738021933,0.6597547311693259,0.44401240819555826,0.5514677827981442
Wawa,0.5238577602382233,0.5691422984303606,0.5365625639554453,0.6802292564182835,0.6476495219433682,0.6929340601355054,0.5910764383622892,0.5693566153790123,0.5995463075071038,0.6736042794990524,0.6083959101868643
Wuse East,0.47727654600628516,0.018688473584509674,0.35222050681894534,0.4770424166409653,0.8105744498754011,0.3519863774536255,0.32433581207725337,0.5466905009002105,0.2409651192856935,0.546534414656664,0.41463146172995535
Wuse West,0.5334417013327111,0.07485362891093553,0.4242683479376617,0.4770424166409653,0.8264571356676915,0.367869063245916,0.3617792489615373,0.5947223949793549,0.2889970133648378,0.5571228718515243,0.45065538228931357
Yamma,0.5558491186884946,0.48440305557541213,0.5970224293680237,0.3867348959953134,0.49935426978792496,0.4279082066748425,0.4756623567530734,0.5507419392814811,0.5031112305394262,0.43799912415269365,0.4918786626816686
Yangalu/Ibelu East,0.5213622683113397,0.5481871104246655,0.6373541607755349,0.3564116164979109,0.44557866684878034,0.47240350896210614,0.47532033174463867,0.5347650319785516,0.5526482600541022,0.4247979307695991,0.4968828886367229
Zuma East,0.4829028091011157,0.03322403993227803,0.30321077472243957,0.45703557272094947,0.7270223075111111,0.2773435383422733,0.3243874739181144,0.5043786304448887,0.2045927843323303,0.4871338061914446,0.3801231737216945
Zuma West,0.4778761859149186,0.09414493615573036,0.27906937164791223,0.44152823481231795,0.6264526703044999,0.24272142054531162,0.33784978562765566,0.4611327426224436,0.2053119094496514,0.43690077522070975,0.3602988032301151
Zungeru,0.3300427376265014,0.29258072087139186,0.47160143467253585,0.31445828513529084,0.49347899893643477,0.4560169821813253,0.31236058121106136,0.43170772374515737,0.4067330459084177,0.421318088751017,0.39302985990391337
