,,WardName,total,nets_per_capita,settlement_type_poor,distance_to_water_bodies,test_positivity_rate,enhanced_vegetation_index,housing_quality,dumpsites,rainfall
1,1,Adakawa,86,6.376747117,1,3.162,0.581567797,3.162,3.162,3.162,3.162
2,2,Babban Giji,130,3.96232741,0.4,5.438727273,0.619517721,5.438727273,5.438727273,5.438727273,5.438727273
3,3,Bakin-Ruwa,110,5.025584795,1,0.8535,0.530604438,0.8535,0.8535,0.8535,0.8535
4,4,Chedi,72,7.059169567,1,2,0.74778906,2,2,2,2
5,5,Dakata,193,3.804679953,0.586206897,6.550388889,0.536893886,6.550388889,6.550388889,6.550388889,6.550388889
6,6,Dala,120,6.442261234,1,7.5105,0.568731956,7.5105,7.5105,7.5105,7.5105
7,7,Dan Agundi,83,3.991344073,0.777777778,2.236,0.561642594,2.236,2.236,2.236,2.236
8,8,Dandago,74,2.898948152,0.952380952,2.6155,0.56077147,2.6155,2.6155,NA,2.6155
9,9,Darmanawa,194,2.977492307,0.5,3.707666667,0.614760746,NA,3.707666667,NA,3.707666667
10,10,Daurawa,36,2.467105263,0.083333333,8.13275,0.534031414,NA,8.13275,NA,8.13275
11,11,Diso,36,3.012426258,1,4.0094,0.492342809,NA,4.0094,NA,4.0094
12,12,Dogon Nama,123,6.458896736,0.947368421,2.4626,0.43412798,2.4626,2.4626,2.4626,2.4626
13,13,Dorayi,636,1.759577038,0.681818182,NA,0.589513832,4.023333333,4.023333333,4.023333333,4.023333333
14,14,Fagge A,60,4.006544022,0.2,NA,0.685929343,6.324,6.324,6.324,6.324
15,15,Fagge B,24,1.44539131,1,NA,0.657008614,8,8,8,8
16,16,Fagg c,35,2.841139703,0.333333333,NA,0.692307692,8.5,8.5,8.5,8.5
17,17,Fagge D1,23,4.345361799,0.5,NA,0.688072115,4.529884615,4.529884615,4.529884615,4.529884615
18,18,Fagge D2,36,1.070154578,0.2,NA,0.355977288,5.83,5.83,5.83,5.83
19,19,Galadanchi,72,3.185065581,1,NA,0.509449974,5.276666667,5.276666667,5.276666667,5.276666667
20,20,Gama,229,4.849999471,0.964285714,5.385,0.757651246,5.385,5.385,5.385,5.385
21,21,Gandu Albasa,180,3.609529157,0.5,4.395333333,0.73230127,4.395333333,4.395333333,4.395333333,4.395333333
22,22,Gawunab,96,5.457956677,1,6.85825,0.737247353,6.85825,6.85825,6.85825,6.85825
23,23,Giginyu,484,2.151216282,0.375,4.55825,0.433566434,4.55825,4.55825,4.55825,4.55825
24,24,Gobirawa,676,4.606677638,1,4.2855,0.51431522,4.2855,4.2855,4.2855,4.2855
25,25,Goron Dutse,170,7.00352236,0.888888889,6.064666667,0.697330595,6.064666667,6.064666667,6.064666667,6.064666667
26,26,Gwagwarwa,169,9.80733519,0.842105263,6,0.698549053,6,6,6,6
27,27,Gwale,140,7.069814417,0.875,6.324,0.654545455,6.324,6.324,6.324,6.324
28,28,Gwammaja,156,4.307191076,1,6.51775,0.542984741,6.51775,6.51775,6.51775,6.51775
29,29,Gyadi Gyadi Arewa,36,4.468164329,0.6,6,0.811764706,6,6,6,6
30,30,Gyadi Gyadi Kudu,36,2.927781392,0.285714286,6.203,0.614318707,6.203,6.203,6.203,6.203
31,31,Gyaranya,55,3.967109059,1,6.8912,0.678672498,6.8912,6.8912,6.8912,6.8912
32,32,Hotoro,179,2.763987863,0.423076923,7.3752,0.498265896,7.3752,7.3752,7.3752,7.3752
33,33,Hotoro North,420,2.208091604,0.551724138,7.3752,0.671114247,7.3752,7.3752,7.3752,7.3752
34,34,Hotoro South,178,2.428012167,0.416666667,6.62875,0.548364408,6.62875,NA,6.62875,6.62875
35,35,Jakara,108,10.84555132,1,5.7438,0.573313307,5.7438,NA,5.7438,5.7438
36,36,Kabuga,353,2.108482311,0.64516129,6.269,0.604386045,6.269,NA,6.269,6.269
37,37,Kabuwaya,59,3.401164466,1,6.538,0.579075605,6.538,NA,6.538,6.538
38,38,Kan Karofi,156,5.608283003,0.882352941,7.3115,0.501045205,7.3115,NA,7.3115,7.3115
39,39,Kantudu,84,7.809594645,1,6.313666667,0.572280946,6.313666667,6.313666667,6.313666667,6.313666667
40,40,Kaura Goje,329,3.58417082,0.857142857,6.596666667,0.729132718,6.596666667,6.596666667,6.596666667,6.596666667
41,41,Kawaji,386,2.955680113,0.486486486,7.4475,0.669660856,7.4475,7.4475,7.4475,7.4475
42,42,Kofar Mazugal,108,3.18734506,0.88,6.324,0.559748428,6.324,6.324,6.324,6.324
43,43,Kofar Ruwa,312,3.466840009,0.878787879,6.807,0.492116021,6.807,6.807,6.807,6.807
44,44,Kwachiri,300,2.597638746,0.552631579,6.403,0.595204882,6.403,6.403,6.403,6.403
45,45,Madigawa,63,3.646677472,1,6.154,0.806818182,6.154,6.154,6.154,6.154
46,46,Mandawari,47,2.716134998,0.928571429,6.772,0.519758526,6.772,6.772,6.772,6.772
47,47,Rijiyar Lemo,107,3.566131747,1,7.81,0.549139865,7.81,7.81,7.81,7.81
48,48,Sabon Gari East,138,3.096947935,0.347826087,7.094666667,0.73744933,7.094666667,7.094666667,7.094666667,7.094666667
49,49,Sabon Gari West,139,3.583536357,0.35,6.403,0.531264619,6.403,6.403,6.403,6.403
50,50,Sani Mai Nagge,171,4.180366943,0.666666667,7.094666667,0.637591446,7.094666667,7.094666667,7.094666667,7.094666667
51,51,Shahuchi,156,4.81436904,0.916666667,7.071,0.49557812,7.071,7.071,7.071,7.071
52,52,Sharada,179,2.731427438,0.333333333,6.0295,0.683083738,6.0295,6.0295,6.0295,6.0295
53,53,She She,144,9.683601762,1,7.6232,0.494948934,7.6232,7.6232,7.6232,7.6232
54,54,Tarauni,90,3.020742431,0.105263158,5.415,0.590511054,5.415,5.415,5.415,5.415
55,55,Tudun Murtala,252,4.132570229,0.913043478,7.17725,0.673423392,7.17725,7.17725,7.17725,7.17725
56,56,Tudun Nufawa,122,5.97453477,1,5.328,0.450595362,5.328,5.328,5.328,5.328
57,57,Tudun Wada,73,3.688918086,0.625,8.10475,0.661901082,8.10475,8.10475,8.10475,8.10475
58,58,Tudun Wazurchi,144,4.777387035,1,7.958333333,0.330140163,7.958333333,7.958333333,7.958333333,7.958333333
59,59,Unguwa Uku Cikin Gari,85,2.917102802,0.333333333,7.905,0.820126509,7.905,7.905,7.905,7.905
60,60,Unguwa Uku Kauyen Alu,194,3.419134818,0.55,7.141333333,NA,7.141333333,7.141333333,7.141333333,7.141333333
61,61,Unguwar Gano,72,3.4428346,0.461538462,7.211,NA,7.211,7.211,7.211,7.211
62,62,Yakasai,120,3.623899618,0.888888889,7.92125,NA,7.92125,7.92125,7.92125,7.92125
63,63,Yalwa,282,12.3195212,0.928571429,8.062,0.568500671,8.062,8.062,8.062,8.062
64,64,Yammata,108,2.554792009,1,6.35508,0.552886656,6.35508,6.35508,6.35508,6.35508
65,65,zaitawai,158,6.53446101,0.833333333,8.801,0.735066982,8.801,8.801,8.801,8.801
66,66,Zango,681,23.00209417,0.857142857,7.0782,1,7.0782,7.0782,7.0782,7.0782
